{
  "mlp3_kmnist": {
    "naive": 0.9112560433864594,
    "weight_matching": 0.0011229668617248612,
    "activation_matching": 0.001122964167594942,
    "procrustes": 1.4164949270248413
  },
  "convbn_svhn": {
    "naive": 2.0265386787877997,
    "weight_matching": 0.2959325245564967,
    "activation_matching": 1.1246892098101575,
    "procrustes": 2.1582497095742985
  },
  "spawning_convbn": {
    "k_values": [
      0,
      1,
      2,
      5,
      10,
      20
    ],
    "naive": [
      0.08779571429593341,
      0.0005941179093859605,
      0.0015075649876094832,
      0.0025359486546264465,
      0.0007729733679912865,
      0.0014283674967732196
    ],
    "weight_match": [
      0.04485714909882177,
      0.0005941179093859605,
      0.0015075649876094832,
      0.0025359486546264465,
      0.0007729733679912865,
      0.0014283674967732196
    ]
  }
}