{
  "convbn_svhn": {
    "no_repair": {
      "loss": 0.49264049323043285,
      "acc": 0.8698140749846343
    },
    "repair_full": {
      "loss": 1.324081218107097,
      "acc": 0.8617086662569146
    },
    "bn_recalib": {
      "loss": 0.42007415142246896,
      "acc": 0.8724262446220037
    },
    "finetune_1ep": {
      "loss": 0.21058047033466293,
      "acc": 0.9423786109403811
    }
  },
  "mlp3_kmnist": {
    "no_repair": {
      "loss": 0.36620049810409544,
      "acc": 0.9043
    },
    "repair_full": {
      "loss": 0.9048741132736206,
      "acc": 0.9071
    }
  },
  "collapse_vs_alpha": {
    "0.0": {
      "conv0": 1.0,
      "conv1": 1.0,
      "conv2": 1.0,
      "fc0": 1.0,
      "fc1": 1.0
    },
    "0.1": {
      "conv0": 0.9735673069953918,
      "conv1": 0.9346030950546265,
      "conv2": 0.801946759223938,
      "fc0": 0.7745367288589478,
      "fc1": 0.7945188283920288
    },
    "0.25": {
      "conv0": 0.945374608039856,
      "conv1": 0.862521231174469,
      "conv2": 0.6041395664215088,
      "fc0": 0.5434873104095459,
      "fc1": 0.5640655755996704
    },
    "0.5": {
      "conv0": 0.9263520240783691,
      "conv1": 0.8132982850074768,
      "conv2": 0.48629075288772583,
      "fc0": 0.4058428108692169,
      "fc1": 0.4143911302089691
    },
    "0.75": {
      "conv0": 0.9422227144241333,
      "conv1": 0.8576774001121521,
      "conv2": 0.596150815486908,
      "fc0": 0.5436652302742004,
      "fc1": 0.5620111227035522
    },
    "0.9": {
      "conv0": 0.9710266590118408,
      "conv1": 0.9310279488563538,
      "conv2": 0.7974733710289001,
      "fc0": 0.7759456634521484,
      "fc1": 0.7946251630783081
    },
    "1.0": {
      "conv0": 1.0,
      "conv1": 1.0,
      "conv2": 1.0,
      "fc0": 1.0,
      "fc1": 1.0
    }
  }
}